<?xml version="1.0" encoding="UTF-8" standalone="yes"?>
<addon id="plugin.audio.anonopsradio" name="Anonops Radio Streams" version="0.8.0" provider-name="Anonymous.">
  <requires>
    <import addon="xbmc.python" version="2.1.0"/>
  </requires>
  <extension point="xbmc.python.pluginsource" library="main.py">
    <provides>audio</provides>
  </extension>
    </extension>
  	<extension point="xbmc.addon.repository" name="anonopsradioupdater">
		<info compressed="false">https://raw.githubusercontent.com/Based-Skid/plugin.audio.anonopsradio/master/zips/addons.xml</info>
		<checksum>https://raw.githubusercontent.com/Based-Skid/plugin.audio.anonopsradio/master/zips/addons.xml.md5</checksum>
		<datadir zip="true">https://raw.githubusercontent.com/Based-Skid/plugin.audio.anonopsradio/master/zips/</datadir>
	</extension>
  <extension point="xbmc.addon.metadata">
    <summary lang="en">Anonops Radio</summary>
    <description lang="en">RadioAnonops Radio streams.</description>
    <disclaimer lang="en"></disclaimer>
    <language></language>
    <platform>all</platform>
    <license></license>
    <forum></forum>
    <website>https://radio.anonops.com/</website>
    <email></email>
    <source></source>
  </extension>
</addon>
